公司名稱,公司代碼,市場類別,產業類別,職稱,姓名,所代表法人姓名
台泥,1101,上市,水泥工業,董事長之法人代表人,張安平,嘉利實業股份有限公司
台泥,1101,上市,水泥工業,董事之法人代表人,余俊彥,中成開發投資股份有限公司
台泥,1101,上市,水泥工業,董事之法人代表人,辜公怡,泰和興業股份有限公司
台泥,1101,上市,水泥工業,董事之法人代表人,李鐘培,財團法人辜公亮文教基金會
台泥,1101,上市,水泥工業,董事之法人代表人,王伯元,富品投資股份有限公司
台泥,1101,上市,水泥工業,董事之法人代表人,駱錦明,國際中橡
台泥,1101,上市,水泥工業,董事之法人代表人,張剛綸,嘉泥
台泥,1101,上市,水泥工業,董事之法人代表人,張啟文,信和投資有限公司
台泥,1101,上市,水泥工業,董事之法人代表人,劉純穎,中信投資股份有限公司
台泥,1101,上市,水泥工業,董事之法人代表人,謝其嘉,富品投資股份有限公司
台泥,1101,上市,水泥工業,董事之法人代表人,溫堅,恆強投資股份有限公司
台泥,1101,上市,水泥工業,董事之法人代表人,吳東昇,新纖
台泥,1101,上市,水泥工業,董事之法人代表人,陳啟德,嘉泥
台泥,1101,上市,水泥工業,董事之法人代表人,蔡志忠,恆強投資股份有限公司
台泥,1101,上市,水泥工業,獨立董事本人,王金山,無
台泥,1101,上市,水泥工業,獨立董事本人,焦佑鈞,無
台泥,1101,上市,水泥工業,獨立董事本人,周玲臺,無
台泥,1101,上市,水泥工業,獨立董事本人,盛治仁,無
台泥,1101,上市,水泥工業,董事之法人代表人,林南舟,十祥投資股份有限公司
國際中橡,2104,上市,橡膠工業,獨立董事本人,池慶康,無
國際中橡,2104,上市,橡膠工業,董事之法人代表人,辜公愷,富品投資股份有限公司
國際中橡,2104,上市,橡膠工業,董事之法人代表人,溫堅,中信投資股份有限公司
國際中橡,2104,上市,橡膠工業,董事之法人代表人,張安平,台泥
國際中橡,2104,上市,橡膠工業,獨立董事本人,陳耀生,無
國際中橡,2104,上市,橡膠工業,董事長之法人代表人,辜公怡,台泥
國際中橡,2104,上市,橡膠工業,獨立董事本人,丁原偉,無
嘉泥,1103,上市,水泥工業,董事長本人,張剛綸,無
嘉泥,1103,上市,水泥工業,董事之法人代表人,王勳煇,嘉新國際股份有限公司
嘉泥,1103,上市,水泥工業,董事之法人代表人,Pan Howard Wei-Hao,嘉新國際股份有限公司
嘉泥,1103,上市,水泥工業,獨立董事本人,陳冠名,無
嘉泥,1103,上市,水泥工業,獨立董事本人,陳家聲,無
嘉泥,1103,上市,水泥工業,獨立董事本人,蘇瓜藤,無
嘉泥,1103,上市,水泥工業,董事本人,陳啟德,無
新纖,1409,上市,紡織纖維,獨立董事本人,邱賢德,無
新纖,1409,上市,紡織纖維,董事長之法人代表人,吳東昇,新光開發股份有限公司
新纖,1409,上市,紡織纖維,董事之法人代表人,吳東明,新光開發股份有限公司
新纖,1409,上市,紡織纖維,獨立董事本人,蔡永欽,無
新纖,1409,上市,紡織纖維,獨立董事本人,曾榮振,無
新纖,1409,上市,紡織纖維,董事之法人代表人,王陳秀美,新光開發股份有限公司
新纖,1409,上市,紡織纖維,董事之法人代表人,洪士鈞,台灣新光實業股份有限公司
新纖,1409,上市,紡織纖維,董事之法人代表人,倪舜模,綿豪實業股份有限公司
新纖,1409,上市,紡織纖維,董事之法人代表人,楊志民,新光開發股份有限公司
新纖,1409,上市,紡織纖維,董事之法人代表人,吳盺恩,進賢投資股份有限公司
新纖,1409,上市,紡織纖維,董事之法人代表人,劉榮基,財團法人新光吳火獅文教基金會
新纖,1409,上市,紡織纖維,董事之法人代表人,何賢忠,德岳實業股份有限公司
新纖,1409,上市,紡織纖維,董事之法人代表人,施火灶,德岳實業股份有限公司
王道銀行,2897,上市,金融保險業,獨立董事本人,詹火生,無
王道銀行,2897,上市,金融保險業,董事之法人代表人,張政權,台雅投資股份有限公司
王道銀行,2897,上市,金融保險業,獨立董事本人,游朝堂,無
王道銀行,2897,上市,金融保險業,董事之法人代表人,林杇柴,怡昌投資股份有限公司
王道銀行,2897,上市,金融保險業,獨立董事本人,劉榮主,無
王道銀行,2897,上市,金融保險業,董事長之法人代表人,駱錦明,怡昌投資股份有限公司
王道銀行,2897,上市,金融保險業,董事之法人代表人,駱怡君,明山投資股份有限公司
王道銀行,2897,上市,金融保險業,董事之法人代表人,楊錦裕,怡昌投資股份有限公司
王道銀行,2897,上市,金融保險業,董事本人,李榮慶,無
王道銀行,2897,上市,金融保險業,董事之法人代表人,張安平,台泥
王道銀行,2897,上市,金融保險業,董事之法人代表人,鄭誠禎,艾貝投資股份有限公司
王道銀行,2897,上市,金融保險業,董事之法人代表人,盛保熙,啟業化工股份有限公司
王道銀行,2897,上市,金融保險業,董事之法人代表人,駱怡倩,明山投資股份有限公司
王道銀行,2897,上市,金融保險業,董事之法人代表人,董大年,旺興實業股份有限公司
王道銀行,2897,上市,金融保險業,董事之法人代表人,陳世姿,台雅投資股份有限公司
信昌化,4725,上市,化學工業,獨立董事本人,盛治仁,無
信昌化,4725,上市,化學工業,董事之法人代表人,張安平,台泥
信昌化,4725,上市,化學工業,董事長之法人代表人,辜公怡,台泥
信昌化,4725,上市,化學工業,獨立董事本人,焦仁和,無
信昌化,4725,上市,化學工業,董事之法人代表人,陳繼業,台泥
信昌化,4725,上市,化學工業,獨立董事本人,賈子南,無
信昌化,4725,上市,化學工業,董事之法人代表人,李鐘培,台泥
中聯資源,9930,上市,其他業,董事之法人代表人,鍾振和,亞泥
中聯資源,9930,上市,其他業,董事之法人代表人,陳勝儀,中鋼構
中聯資源,9930,上市,其他業,董事之法人代表人,李南平,中鋼
中聯資源,9930,上市,其他業,董事之法人代表人,陳明燦,亞泥
中聯資源,9930,上市,其他業,董事之法人代表人,張英豐,亞泥
中聯資源,9930,上市,其他業,董事之法人代表人,洪崇智,台泥
中聯資源,9930,上市,其他業,董事之法人代表人,洪維爵,台泥
中聯資源,9930,上市,其他業,董事之法人代表人,黃書誠,中碳
中聯資源,9930,上市,其他業,董事之法人代表人,張西龍,中鋼
中聯資源,9930,上市,其他業,董事之法人代表人,鍾國安,中鋼
中聯資源,9930,上市,其他業,董事長之法人代表人,常致泰,中鋼
中聯資源,9930,上市,其他業,董事長之法人代表人,梁修長,中鋼
中聯資源,9930,上市,其他業,董事之法人代表人,林志榮,中鋼構
中聯資源,9930,上市,其他業,董事之法人代表人,洪進興,中鋼構
中聯資源,9930,上市,其他業,董事長之法人代表人,郭新進,中鋼
中聯資源,9930,上市,其他業,董事之法人代表人,葉洪光,中鋼
中聯資源,9930,上市,其他業,董事之法人代表人,王煥文,中鋼
中聯資源,9930,上市,其他業,獨立董事本人,王俊賢,無
中聯資源,9930,上市,其他業,獨立董事本人,吳義林,無
中聯資源,9930,上市,其他業,董事之法人代表人,周聖志,中鋼
中聯資源,9930,上市,其他業,獨立董事本人,楊仲家,無
中聯資源,9930,上市,其他業,董事之法人代表人,歐正章,中鋼
中聯資源,9930,上市,其他業,董事之法人代表人,吳長直,東泥
中聯資源,9930,上市,其他業,獨立董事本人,李維峰,無
中聯資源,9930,上市,其他業,董事之法人代表人,侯智元,環球水泥股份有限公司
中聯資源,9930,上市,其他業,董事之法人代表人,蔡沛宏,中鋼
中聯資源,9930,上市,其他業,董事之法人代表人,陶澤龍,中鋼
中碳,1723,上市,化學工業,董事長之法人代表人,宋志育,中鋼
中碳,1723,上市,化學工業,監察人本人,賈凱傑,無
中碳,1723,上市,化學工業,董事之法人代表人,孟慶立,中鋼
中碳,1723,上市,化學工業,董事之法人代表人,姚文台,中鋼
中碳,1723,上市,化學工業,董事之法人代表人,李建明,中鋼
中碳,1723,上市,化學工業,董事之法人代表人,趙幼梅,中鋼
中碳,1723,上市,化學工業,董事長之法人代表人,趙天福,國際中橡
中碳,1723,上市,化學工業,董事長之法人代表人,王錫欽,中鋼
中碳,1723,上市,化學工業,董事之法人代表人,林弘男,中鋼
中碳,1723,上市,化學工業,董事之法人代表人,翁朝棟,中鋼
中碳,1723,上市,化學工業,董事長本人,何燦穎,無
中碳,1723,上市,化學工業,獨立董事本人,王元宏,無
中碳,1723,上市,化學工業,獨立董事本人,謝幸樹,無
中碳,1723,上市,化學工業,監察人本人,陳哲生,無
中碳,1723,上市,化學工業,董事之法人代表人,辜成允,國際中橡
中碳,1723,上市,化學工業,監察人之法人代表人,余俊彥,中鼎
中碳,1723,上市,化學工業,董事之法人代表人,常致泰,中鋼
中碳,1723,上市,化學工業,董事之法人代表人,張安平,國際中橡
友輝,4933,上櫃,光電業,董事本人,林仁博,無
友輝,4933,上櫃,光電業,董事之法人代表人,施火灶,新纖
友輝,4933,上櫃,光電業,董事本人,金玉瑩,無
友輝,4933,上櫃,光電業,董事之法人代表人,王陳秀美,新纖
友輝,4933,上櫃,光電業,董事之法人代表人,莊博臣,新纖
友輝,4933,上櫃,光電業,獨立董事本人,紀國鐘,無
友輝,4933,上櫃,光電業,獨立董事本人,林宗聖,無
友輝,4933,上櫃,光電業,董事長之法人代表人,吳東昇,新纖
友輝,4933,上櫃,光電業,獨立董事本人,謝南強,無
大台北,9908,上市,油電燃氣業,董事之法人代表人,林明星,新光醫療財團法人
大台北,9908,上市,油電燃氣業,獨立董事本人,李正明,無
大台北,9908,上市,油電燃氣業,董事之法人代表人,洪紹甫,洽發企業股份有限公司
大台北,9908,上市,油電燃氣業,董事之法人代表人,侯勝茂,新光醫療財團法人
大台北,9908,上市,油電燃氣業,董事之法人代表人,許嫺嫺,新光醫療財團法人
大台北,9908,上市,油電燃氣業,董事之法人代表人,薛美良,粵興華投資股份有限公司
大台北,9908,上市,油電燃氣業,董事之法人代表人,吳東昇,新纖
大台北,9908,上市,油電燃氣業,獨立董事本人,張建國,無
大台北,9908,上市,油電燃氣業,董事之法人代表人,吳東興,瑞士大飯店股份有限公司
大台北,9908,上市,油電燃氣業,董事之法人代表人,吳昕東,新保投資股份有限公司
大台北,9908,上市,油電燃氣業,董事本人,侯士欽,無
大台北,9908,上市,油電燃氣業,董事之法人代表人,吳昕嬡,新紡
大台北,9908,上市,油電燃氣業,監察人本人,劉志和,無
大台北,9908,上市,油電燃氣業,監察人之法人代表人,吳東勝,財團法人新光吳火獅文教基金會
大台北,9908,上市,油電燃氣業,監察人本人,王自展,無
大台北,9908,上市,油電燃氣業,董事長之法人代表人,謝榮富,新光醫療財團法人
大台北,9908,上市,油電燃氣業,獨立董事本人,王豫元,無
大台北,9908,上市,油電燃氣業,監察人之法人代表人,吳邦聲,家邦投資股份有限公司
大台北,9908,上市,油電燃氣業,監察人之法人代表人,許育瑞,仰德投資事業股份有限公司
大台北,9908,上市,油電燃氣業,監察人之法人代表人,薛夏良,泰興投資股份有限公司
大台北,9908,上市,油電燃氣業,董事之法人代表人,郭瑞惠,盛美企業股份有限公司
華票,2820,上市,金融保險業,獨立董事本人,陳中和,無
華票,2820,上市,金融保險業,董事之法人代表人,駱怡如,明山投資股份有限公司
華票,2820,上市,金融保險業,獨立董事本人,吳文雅,無
華票,2820,上市,金融保險業,董事之法人代表人,林一鋒,王道銀行
華票,2820,上市,金融保險業,獨立董事本人,蘇安偉,無
華票,2820,上市,金融保險業,董事之法人代表人,戴建結,和築投資有限公司
華票,2820,上市,金融保險業,董事之法人代表人,張政權,王道銀行
華票,2820,上市,金融保險業,董事之法人代表人,簡志明,王道銀行
華票,2820,上市,金融保險業,董事長之法人代表人,吳正慶,王道銀行
華票,2820,上市,金融保險業,董事之法人代表人,鄭斯聰,和築投資有限公司
華票,2820,上市,金融保險業,董事之法人代表人,魏政祥,王道銀行
華票,2820,上市,金融保險業,董事之法人代表人,鄭明生,和築投資有限公司
中鋼構,2013,上市,鋼鐵工業,董事之法人代表人,陳德勝,中龍鋼鐵股份有限公司
中鋼構,2013,上市,鋼鐵工業,董事之法人代表人,黃建智,中鋼
中鋼構,2013,上市,鋼鐵工業,董事長之法人代表人,陳海平,中鋼
中鋼構,2013,上市,鋼鐵工業,董事之法人代表人,陳擇良,中鋼
中鋼構,2013,上市,鋼鐵工業,董事之法人代表人,林道鵬,日商株式會社ＩＨＩ
中鋼構,2013,上市,鋼鐵工業,董事之法人代表人,郭致豪,弘博鋼鐵股份有限公司
中鋼構,2013,上市,鋼鐵工業,董事之法人代表人,寇啟勇,中碳
中鋼構,2013,上市,鋼鐵工業,獨立董事本人,李驊登,無
中鋼構,2013,上市,鋼鐵工業,董事之法人代表人,陳哲生,上恩投資股份有限公司
中鋼構,2013,上市,鋼鐵工業,董事之法人代表人,林榮銘,中鋼
中鋼構,2013,上市,鋼鐵工業,獨立董事本人,李秀玲,無
中鋼構,2013,上市,鋼鐵工業,獨立董事本人,羅維,無
欣天然,9918,上市,油電燃氣業,董事之法人代表人,陳簡寶貴,欣田崎生化科技股份有限公司
欣天然,9918,上市,油電燃氣業,董事之法人代表人,王博義,新光醫療財團法人
欣天然,9918,上市,油電燃氣業,董事之法人代表人,吳昕東,大台北
欣天然,9918,上市,油電燃氣業,董事本人,李克曾,無
欣天然,9918,上市,油電燃氣業,董事之法人代表人,吳欣儒,大台北
欣天然,9918,上市,油電燃氣業,董事之法人代表人,陳吳惠純,欣田崎生化科技股份有限公司
欣天然,9918,上市,油電燃氣業,董事本人,張國泰,無
欣天然,9918,上市,油電燃氣業,董事本人,盧立民,無
欣天然,9918,上市,油電燃氣業,董事本人,黃榮群,無
欣天然,9918,上市,油電燃氣業,獨立董事本人,李清國,無
欣天然,9918,上市,油電燃氣業,董事之法人代表人,王天德,國軍退除役官兵輔導委員會
欣天然,9918,上市,油電燃氣業,董事之法人代表人,李伯章,國軍退除役官兵輔導委員會
欣天然,9918,上市,油電燃氣業,監察人之法人代表人,馮逸成,欣欣客運股份有限公司
欣天然,9918,上市,油電燃氣業,監察人本人,翁正成,無
欣天然,9918,上市,油電燃氣業,獨立董事本人,郭欽銘,無
欣天然,9918,上市,油電燃氣業,董事長本人,陳何家,無
欣天然,9918,上市,油電燃氣業,監察人之法人代表人,莊鴻文,通產企業股份有限公司
欣天然,9918,上市,油電燃氣業,監察人本人,孫火木,無
欣天然,9918,上市,油電燃氣業,董事之法人代表人,張志強,國軍退除役官兵輔導委員會
欣天然,9918,上市,油電燃氣業,獨立董事本人,徐順鋆,無
欣天然,9918,上市,油電燃氣業,監察人之法人代表人,謝榮富,新海瓦斯股份有限公司
欣天然,9918,上市,油電燃氣業,董事之法人代表人,林正壹,國軍退除役官兵輔導委員會
欣天然,9918,上市,油電燃氣業,獨立董事本人,張敏玉,無
欣天然,9918,上市,油電燃氣業,董事之法人代表人,李文忠,國軍退除役官兵輔導委員會
新海,9926,上市,油電燃氣業,董事本人,吳英辰,無
新海,9926,上市,油電燃氣業,董事長之法人代表人,謝榮富,大台北
新海,9926,上市,油電燃氣業,董事本人,張文瑞,無
新海,9926,上市,油電燃氣業,董事之法人代表人,郭瑞嵩,大台北
新海,9926,上市,油電燃氣業,董事本人,楊朝凱,無
新海,9926,上市,油電燃氣業,獨立董事本人,李正義,無
新海,9926,上市,油電燃氣業,董事本人,張進福,無
新海,9926,上市,油電燃氣業,董事之法人代表人,王文一,朋萊股份有限公司
新海,9926,上市,油電燃氣業,獨立董事本人,張建國,無
新海,9926,上市,油電燃氣業,董事之法人代表人,吳欣盈,大台北
新海,9926,上市,油電燃氣業,獨立董事本人,吳路加,無
新海,9926,上市,油電燃氣業,監察人之法人代表人,張中達,工興實業股份有限公司
新海,9926,上市,油電燃氣業,監察人之法人代表人,王連春,光偉投資股份有限公司
新海,9926,上市,油電燃氣業,監察人之法人代表人,林坤正,欣淼投資股份有限公司
新海,9926,上市,油電燃氣業,董事之法人代表人,侯勝茂,大台北
新海,9926,上市,油電燃氣業,董事之法人代表人,吳昕東,財團法人新光吳火獅文教基金會
亞泥,1102,上市,水泥工業,董事之法人代表人,徐菊芳,惠康投資股份有限公司
亞泥,1102,上市,水泥工業,董事之法人代表人,徐旭平,財團法人徐有庠先生紀念基金會
亞泥,1102,上市,水泥工業,董事長本人,徐旭東,無
亞泥,1102,上市,水泥工業,董事之法人代表人,席家宜,遠東新
亞泥,1102,上市,水泥工業,董事之法人代表人,張才雄,遠東新
亞泥,1102,上市,水泥工業,董事之法人代表人,陳長文,遠東新
亞泥,1102,上市,水泥工業,董事之法人代表人,李坤炎,裕鼎實業股份有限公司
亞泥,1102,上市,水泥工業,董事之法人代表人,張振崑,財團法人徐有庠先生紀念基金會
亞泥,1102,上市,水泥工業,董事之法人代表人,歐晉德,百揚投資股份有限公司
亞泥,1102,上市,水泥工業,董事之法人代表人,李光燾,裕民股份有限公司
亞泥,1102,上市,水泥工業,獨立董事本人,黃大洲,無
亞泥,1102,上市,水泥工業,獨立董事本人,薛琦,無
亞泥,1102,上市,水泥工業,獨立董事本人,陳樹,無
亞泥,1102,上市,水泥工業,董事之法人代表人,李冠軍,醫療財團法人徐元智醫藥基金會
亞泥,1102,上市,水泥工業,董事之法人代表人,陳瑞隆,大聚化學纖維股份有限公司
中鋼,2002,上市,鋼鐵工業,董事之法人代表人,楊岳崑,高瑞投資股份有限公司
中鋼,2002,上市,鋼鐵工業,董事長之法人代表人,翁朝棟,經濟部
中鋼,2002,上市,鋼鐵工業,董事之法人代表人,翁政義,鴻高投資開發股份有限公司
中鋼,2002,上市,鋼鐵工業,董事之法人代表人,吳豐盛,經濟部
中鋼,2002,上市,鋼鐵工業,董事之法人代表人,宋志育,經濟部
中鋼,2002,上市,鋼鐵工業,董事之法人代表人,沈榮津,經濟部
中鋼,2002,上市,鋼鐵工業,董事長之法人代表人,陳春生,中國鋼鐵股份有限公司企業工會
中鋼,2002,上市,鋼鐵工業,董事之法人代表人,王錫欽,景裕國際股份有限公司
中鋼,2002,上市,鋼鐵工業,董事之法人代表人,翁朝棟,高瑞投資股份有限公司
中鋼,2002,上市,鋼鐵工業,董事之法人代表人,魏肇津,中國鋼鐵股份有限公司企業工會
中鋼,2002,上市,鋼鐵工業,獨立董事本人,高蘭芬,無
中鋼,2002,上市,鋼鐵工業,獨立董事本人,張學斌,無
中鋼,2002,上市,鋼鐵工業,獨立董事本人,洪敏雄,無
中鋼,2002,上市,鋼鐵工業,董事之法人代表人,曾文生,經濟部
中鋼,2002,上市,鋼鐵工業,董事之法人代表人,林義郎,高瑞投資股份有限公司
中鋼,2002,上市,鋼鐵工業,董事之法人代表人,劉季剛,群裕投資股份有限公司
中鋼,2002,上市,鋼鐵工業,董事之法人代表人,林弘男,群裕投資股份有限公司
中鋼,2002,上市,鋼鐵工業,董事之法人代表人,劉季剛,高瑞投資股份有限公司
東泥,1110,上市,水泥工業,董事之法人代表人,陳天笞,東樹投資(股)公司
東泥,1110,上市,水泥工業,董事之法人代表人,鄭力翔,立凱投資(股)公司
東泥,1110,上市,水泥工業,董事長之法人代表人,陳敏斷,東樹投資股份有限公司
東泥,1110,上市,水泥工業,董事之法人代表人,陳建豪,財團法人東南文化基金會
東泥,1110,上市,水泥工業,董事之法人代表人,吳長直,財團法人陳趙樹公益慈善基金會
東泥,1110,上市,水泥工業,董事之法人代表人,陳冠華,財團法人陳趙樹公益慈善基金會
東泥,1110,上市,水泥工業,董事之法人代表人,楊昭雄,長青(股)公司
東泥,1110,上市,水泥工業,獨立董事本人,楊文哉,無
東泥,1110,上市,水泥工業,獨立董事本人,葉金寶,無
東泥,1110,上市,水泥工業,獨立董事本人,莊玉昕,無
中鼎,9933,上市,其他業,董事本人,吳亦圭,無
中鼎,9933,上市,其他業,董事長之法人代表人,余俊彥,興利開發股份有限公司
中鼎,9933,上市,其他業,董事之法人代表人,楊宗興,興利開發股份有限公司
中鼎,9933,上市,其他業,獨立董事本人,黃日燦,無
中鼎,9933,上市,其他業,獨立董事本人,范良銹,無
中鼎,9933,上市,其他業,董事本人,張安平,無
中鼎,9933,上市,其他業,董事本人,潘文炎,無
中鼎,9933,上市,其他業,董事本人,席家宜,無
中鼎,9933,上市,其他業,獨立董事本人,施顏祥,無
中鼎,9933,上市,其他業,董事本人,沈平,無
中鼎,9933,上市,其他業,董事之法人代表人,余騰耀,財團法人中技社
中鼎,9933,上市,其他業,董事本人,海英俊,無
中鼎,9933,上市,其他業,董事長之法人代表人,鄒倫,財團法人中技社
新紡,1419,上市,紡織纖維,董事之法人代表人,趙國華,濟真股份有限公司
新紡,1419,上市,紡織纖維,董事長之法人代表人,吳昕恩,濟真股份有限公司
新紡,1419,上市,紡織纖維,獨立董事本人,羅嘉希,無
新紡,1419,上市,紡織纖維,董事之法人代表人,吳昕紘,濟真股份有限公司
新紡,1419,上市,紡織纖維,獨立董事本人,成漢傑,無
新紡,1419,上市,紡織纖維,董事之法人代表人,吳東進,財團法人吳東進基金會
新紡,1419,上市,紡織纖維,董事之法人代表人,羅嘉希,財團法人吳東進基金會
新紡,1419,上市,紡織纖維,獨立董事本人,嚴心雋,無
遠東新,1402,上市,紡織纖維,董事之法人代表人,楊惠國,遠百
遠東新,1402,上市,紡織纖維,獨立董事本人,胡勝正,無
遠東新,1402,上市,紡織纖維,獨立董事本人,李鍾熙,無
遠東新,1402,上市,紡織纖維,獨立董事本人,李鍾熙,無
遠東新,1402,上市,紡織纖維,董事之法人代表人,徐旭明,亞泥
遠東新,1402,上市,紡織纖維,董事之法人代表人,王孝一,亞泥
遠東新,1402,上市,紡織纖維,董事之法人代表人,徐國梅,遠百
遠東新,1402,上市,紡織纖維,獨立董事本人,胡勝正,無
遠東新,1402,上市,紡織纖維,董事之法人代表人,徐荷芳,裕民
遠東新,1402,上市,紡織纖維,董事之法人代表人,李冠軍,裕鼎實業股份有限公司
遠東新,1402,上市,紡織纖維,獨立董事本人,沈平,無
遠東新,1402,上市,紡織纖維,獨立董事本人,沈平,無
遠東新,1402,上市,紡織纖維,董事之法人代表人,席家宜,亞泥
遠東新,1402,上市,紡織纖維,董事之法人代表人,徐旭平,亞泥
遠東新,1402,上市,紡織纖維,董事長本人,徐旭東,無
遠東新,1402,上市,紡織纖維,董事之法人代表人,李光燾,裕民
遠東新,1402,上市,紡織纖維,董事之法人代表人,李冠軍,裕鼎實業股份有限公司
遠東新,1402,上市,紡織纖維,董事之法人代表人,徐荷芳,裕民
遠東新,1402,上市,紡織纖維,董事之法人代表人,李光燾,裕民
遠東新,1402,上市,紡織纖維,董事之法人代表人,徐國梅,遠百
遠東新,1402,上市,紡織纖維,董事之法人代表人,楊惠國,遠百
遠東新,1402,上市,紡織纖維,董事之法人代表人,徐旭明,亞泥
遠東新,1402,上市,紡織纖維,董事之法人代表人,王孝一,亞泥
遠東新,1402,上市,紡織纖維,董事之法人代表人,徐旭平,亞泥
遠東新,1402,上市,紡織纖維,董事長本人,徐旭東,無
遠東新,1402,上市,紡織纖維,董事之法人代表人,席家宜,亞泥
遠百,2903,上市,貿易百貨業,董事之法人代表人,徐雪芳,鼎鼎企業管理顧問股份有限公司
遠百,2903,上市,貿易百貨業,董事長本人,徐旭東,無
遠百,2903,上市,貿易百貨業,董事長之法人代表人,李靜芳,裕利投資股份有限公司
遠百,2903,上市,貿易百貨業,董事之法人代表人,徐國玲,遠東新
遠百,2903,上市,貿易百貨業,董事之法人代表人,梁錦琳,亞泥
遠百,2903,上市,貿易百貨業,獨立董事本人,魏永篤,無
遠百,2903,上市,貿易百貨業,獨立董事本人,戴瑞明,無
遠百,2903,上市,貿易百貨業,獨立董事本人,簡又新,無
遠百,2903,上市,貿易百貨業,董事之法人代表人,李彬,遠東新
裕民,2606,上市,航運業,董事之法人代表人,徐國安,亞泥
裕民,2606,上市,航運業,獨立董事本人,劉崇堅,無
裕民,2606,上市,航運業,獨立董事本人,朱少華,無
裕民,2606,上市,航運業,監察人之法人代表人,張志鵬,遠揚建設股份有限公司
裕民,2606,上市,航運業,監察人之法人代表人,邵瑞蕙,遠鼎投資股份有限公司
裕民,2606,上市,航運業,監察人本人,徐旭平,無
裕民,2606,上市,航運業,董事長本人,徐旭東,無
裕民,2606,上市,航運業,董事之法人代表人,李冠軍,亞利通運股份有限公司
裕民,2606,上市,航運業,董事之法人代表人,李坤炎,亞泥
裕民,2606,上市,航運業,董事之法人代表人,張才雄,亞泥
裕民,2606,上市,航運業,董事本人,董建成,無
裕民,2606,上市,航運業,董事之法人代表人,王書吉,裕鼎實業股份有限公司
東聯,1710,上市,化學工業,監察人之法人代表人,吳玲綾,亞泥
東聯,1710,上市,化學工業,獨立董事本人,酈蘋,無
東聯,1710,上市,化學工業,獨立董事本人,鄭憲誌,無
東聯,1710,上市,化學工業,獨立董事本人,詹正田,無
東聯,1710,上市,化學工業,監察人之法人代表人,闕盟昌,富達運輸股份有限公司
東聯,1710,上市,化學工業,董事之法人代表人,莊曉波,裕利投資股份有限公司
東聯,1710,上市,化學工業,董事之法人代表人,吳高山,遠東新
東聯,1710,上市,化學工業,董事之法人代表人,吳汝瑜,遠東新
東聯,1710,上市,化學工業,董事之法人代表人,蔡錫津,裕民貿易股份有限公司
東聯,1710,上市,化學工業,董事之法人代表人,戴崇岳,遠東新
東聯,1710,上市,化學工業,董事之法人代表人,席家宜,遠東新
東聯,1710,上市,化學工業,董事長本人,徐旭東,無
東聯,1710,上市,化學工業,董事之法人代表人,鄭澄宇,遠東新
遠東銀,2845,上市,金融保險業,董事之法人代表人,鄭澄宇,遠東新
遠東銀,2845,上市,金融保險業,董事之法人代表人,吳均龐,遠東新
遠東銀,2845,上市,金融保險業,董事長之法人代表人,侯金英,裕鼎實業股份有限公司
遠東銀,2845,上市,金融保險業,董事本人,徐旭東,無
遠東銀,2845,上市,金融保險業,董事之法人代表人,王孝一,遠東新
遠東銀,2845,上市,金融保險業,董事之法人代表人,俞明德,裕民
遠東銀,2845,上市,金融保險業,獨立董事本人,王小蕙,無
遠東銀,2845,上市,金融保險業,董事之法人代表人,許士軍,亞泥
遠東銀,2845,上市,金融保險業,獨立董事本人,張秀蓮,無
遠東銀,2845,上市,金融保險業,獨立董事本人,沈平,無
遠東銀,2845,上市,金融保險業,董事之法人代表人,鍾聰明,亞泥
中宇,1535,上市,電機機械,董事之法人代表人,程慶鐘,中鋼
中宇,1535,上市,電機機械,獨立董事本人,陳家榮,無
中宇,1535,上市,電機機械,獨立董事本人,王泊翰,無
中宇,1535,上市,電機機械,監察人之法人代表人,林柏年,百堅投資股份有限公司
中宇,1535,上市,電機機械,董事之法人代表人,陳火坤,中鋼
中宇,1535,上市,電機機械,董事之法人代表人,翁朝棟,中鋼
中宇,1535,上市,電機機械,監察人之法人代表人,洪偉彥,金合發鋼鐵股份有限公司
中宇,1535,上市,電機機械,董事之法人代表人,李文隆,春源
中宇,1535,上市,電機機械,董事之法人代表人,林明祥,華榮
中宇,1535,上市,電機機械,董事之法人代表人,陳榮貴,中鋼
中宇,1535,上市,電機機械,董事之法人代表人,常致泰,中鋼
中宇,1535,上市,電機機械,監察人之法人代表人,李明晃,春雨
中宇,1535,上市,電機機械,董事之法人代表人,郭毓倫,弘博鋼鐵股份有限公司
中宇,1535,上市,電機機械,董事長之法人代表人,陳宗德,中鋼
中宇,1535,上市,電機機械,董事之法人代表人,林弘男,中鋼
中宇,1535,上市,電機機械,董事之法人代表人,劉季剛,中鋼
中宇,1535,上市,電機機械,董事長之法人代表人,翁朝棟,中鋼
中鴻,2014,上市,鋼鐵工業,獨立董事本人,李玲玲,無
中鴻,2014,上市,鋼鐵工業,獨立董事本人,邱鑄山,無
中鴻,2014,上市,鋼鐵工業,獨立董事本人,蔡憲唐,無
中鴻,2014,上市,鋼鐵工業,董事之法人代表人,李聰昌,中鋼
中鴻,2014,上市,鋼鐵工業,董事之法人代表人,翁朝棟,中鋼
中鴻,2014,上市,鋼鐵工業,董事長之法人代表人,韓義忠,中鋼
中鴻,2014,上市,鋼鐵工業,董事之法人代表人,劉敏雄,中鋼
唐榮,2035,上櫃,鋼鐵工業,董事之法人代表人,劉憲同,聯安投資公司
唐榮,2035,上櫃,鋼鐵工業,董事之法人代表人,梁平勇,兆盈投資開發公司
唐榮,2035,上櫃,鋼鐵工業,董事之法人代表人,吳竹山,聯安投資公司
唐榮,2035,上櫃,鋼鐵工業,董事之法人代表人,王淑貞,台灣銀行
唐榮,2035,上櫃,鋼鐵工業,獨立董事本人,連文濱,無
唐榮,2035,上櫃,鋼鐵工業,董事之法人代表人,常致泰,中鋼
唐榮,2035,上櫃,鋼鐵工業,董事之法人代表人,王明隆,經濟部
唐榮,2035,上櫃,鋼鐵工業,獨立董事本人,蔡明曉,無
唐榮,2035,上櫃,鋼鐵工業,獨立董事本人,張清和,無
唐榮,2035,上櫃,鋼鐵工業,董事之法人代表人,陳世珍,台灣銀行
唐榮,2035,上櫃,鋼鐵工業,董事之法人代表人,黃景聰,兆盈投資開發公司
唐榮,2035,上櫃,鋼鐵工業,董事長之法人代表人,陳明漢,經濟部
台船,2208,上市,航運業,董事之法人代表人,謝國榮,高雄市台灣國際造船(股)企業工會
台船,2208,上市,航運業,董事長之法人代表人,黃建智,中鋼
台船,2208,上市,航運業,董事之法人代表人,裕利投資股份有限公司,裕利投資股份有限公司
台船,2208,上市,航運業,董事之法人代表人,陳永聰,經濟部
台船,2208,上市,航運業,董事之法人代表人,藍許清,經濟部
台船,2208,上市,航運業,董事長之法人代表人,鄭文隆,經濟部
台船,2208,上市,航運業,董事之法人代表人,黃日進,經濟部
台船,2208,上市,航運業,董事之法人代表人,盧文燦,經濟部
台船,2208,上市,航運業,董事之法人代表人,吳文貴,經濟部
台船,2208,上市,航運業,獨立董事本人,林輝政,無
台船,2208,上市,航運業,獨立董事本人,伏和中,無
台船,2208,上市,航運業,獨立董事本人,劉德明,無
台船,2208,上市,航運業,董事之法人代表人,曾國正,經濟部
台船,2208,上市,航運業,董事之法人代表人,台灣中油股份有限公司,台灣中油股份有限公司
台船,2208,上市,航運業,董事之法人代表人,侯德隆,高雄市台灣國際造船(股)產業工會
瑞智,4532,上市,電機機械,獨立董事本人,陳盛旺,無
瑞智,4532,上市,電機機械,獨立董事本人,李仁芳,無
瑞智,4532,上市,電機機械,董事之法人代表人,黃議興,中鋼
瑞智,4532,上市,電機機械,董事之法人代表人,蔡松釗,中鋼
瑞智,4532,上市,電機機械,獨立董事本人,蘇慶陽,無
瑞智,4532,上市,電機機械,董事之法人代表人,中島光雄,兆豐商銀託管日商夏普投資專戶
瑞智,4532,上市,電機機械,董事之法人代表人,陳盛泉,聲寶
瑞智,4532,上市,電機機械,董事之法人代表人,劉金錫,聲寶
瑞智,4532,上市,電機機械,董事長之法人代表人,陳盛沺,聲寶
瑞智,4532,上市,電機機械,董事之法人代表人,陳世昌,銓寶投資有限公司
新鼎,5209,上櫃,資訊服務業,董事本人,陳宏宜,無
新鼎,5209,上櫃,資訊服務業,董事之法人代表人,盧希鵬,中鼎
新鼎,5209,上櫃,資訊服務業,董事本人,詹火生,無
新鼎,5209,上櫃,資訊服務業,董事本人,陳寶郎,無
新鼎,5209,上櫃,資訊服務業,獨立董事本人,張日炎,無
新鼎,5209,上櫃,資訊服務業,獨立董事本人,詹文男,無
新鼎,5209,上櫃,資訊服務業,獨立董事本人,李美惠,無
新鼎,5209,上櫃,資訊服務業,董事之法人代表人,陳振欽,中鼎
新鼎,5209,上櫃,資訊服務業,董事本人,呂學錦,無
新鼎,5209,上櫃,資訊服務業,董事長之法人代表人,余騰耀,中鼎
崑鼎,6803,上櫃,其他業,董事本人,簡又新,無
崑鼎,6803,上櫃,其他業,董事本人,劉陽明,無
崑鼎,6803,上櫃,其他業,董事之法人代表人,王關生,柏惠投資股份有限公司
崑鼎,6803,上櫃,其他業,獨立董事本人,邱顯比,無
崑鼎,6803,上櫃,其他業,董事長之法人代表人,廖俊吉吉,中鼎
崑鼎,6803,上櫃,其他業,獨立董事本人,蔡金拋,無
崑鼎,6803,上櫃,其他業,董事本人,潘文輝,無
崑鼎,6803,上櫃,其他業,董事之法人代表人,施雲鵬,中鼎
崑鼎,6803,上櫃,其他業,獨立董事本人,于樹偉,無
遠傳,4904,上市,通信網路業,獨立董事本人,劉炯朗,無
遠傳,4904,上市,通信網路業,董事之法人代表人,彭芸,亞洲投資股份有限公司
遠傳,4904,上市,通信網路業,董事之法人代表人,村山啟二郎,裕民
遠傳,4904,上市,通信網路業,董事之法人代表人,徐旭平,遠鼎投資股份有限公司
遠傳,4904,上市,通信網路業,董事之法人代表人,徐國安,遠鼎股份有限公司
遠傳,4904,上市,通信網路業,董事之法人代表人,李冠軍,遠鼎股份有限公司
遠傳,4904,上市,通信網路業,董事之法人代表人,楊麟昇,遠鼎投資股份有限公司
遠傳,4904,上市,通信網路業,董事長之法人代表人,徐旭東,遠鼎投資股份有限公司
遠傳,4904,上市,通信網路業,獨立董事本人,劉遵義,無
遠傳,4904,上市,通信網路業,董事之法人代表人,林暾,鼎元國際投資股份有限公司
遠傳,4904,上市,通信網路業,獨立董事本人,潘天佑,無
國碳科,4754,上櫃,化學工業,董事之法人代表人,李俊生,中宇
國碳科,4754,上櫃,化學工業,董事長之法人代表人,陳文鋒,立熠投資股份有限公司
國碳科,4754,上櫃,化學工業,董事長之法人代表人,鄭世芳,啟聖實業股份有限公司
國碳科,4754,上櫃,化學工業,董事長之法人代表人,王文盛,賀威貿易股份有限公司
國碳科,4754,上櫃,化學工業,董事本人,盧素絨,無
國碳科,4754,上櫃,化學工業,監察人本人,范振群,無
國碳科,4754,上櫃,化學工業,董事長本人,張超,無
國碳科,4754,上櫃,化學工業,董事本人,賀東光,無
國碳科,4754,上櫃,化學工業,監察人本人,謝文河,無
國碳科,4754,上櫃,化學工業,監察人本人,王永謙,無
國碳科,4754,上櫃,化學工業,獨立董事本人,林慶元,無
國碳科,4754,上櫃,化學工業,獨立董事本人,邱保鐘,無
春源,2010,上市,鋼鐵工業,獨立董事本人,曾勇夫,無
春源,2010,上市,鋼鐵工業,監察人本人,林美利,無
春源,2010,上市,鋼鐵工業,董事之法人代表人,鄭毅宏,富巨春(股)公司
春源,2010,上市,鋼鐵工業,董事本人,蔡錫儀,無
春源,2010,上市,鋼鐵工業,董事之法人代表人,蔡錫奇,常昀(股)公司
春源,2010,上市,鋼鐵工業,董事本人,鄭毅明,無
春源,2010,上市,鋼鐵工業,董事長本人,李文隆,無
春源,2010,上市,鋼鐵工業,獨立董事本人,林維樑,無
春源,2010,上市,鋼鐵工業,獨立董事本人,許立銘,無
春源,2010,上市,鋼鐵工業,董事本人,蔡政廷,無
春源,2010,上市,鋼鐵工業,董事本人,李文發,無
春源,2010,上市,鋼鐵工業,監察人之法人代表人,吳雲敏,安廷投資(股)公司
春源,2010,上市,鋼鐵工業,董事本人,吳美鶯,無
華榮,1608,上市,電器電纜,董事之法人代表人,王玉發,美達股份有限公司
華榮,1608,上市,電器電纜,董事長之法人代表人,王宏銘,美達股份有限公司
華榮,1608,上市,電器電纜,董事之法人代表人,劉宗仁,第一銅
華榮,1608,上市,電器電纜,董事之法人代表人,林明祥,第一銅
華榮,1608,上市,電器電纜,獨立董事本人,吳統雄,無
華榮,1608,上市,電器電纜,獨立董事本人,張進德,無
華榮,1608,上市,電器電纜,獨立董事本人,郭秋木,無
春雨,2012,上市,鋼鐵工業,董事本人,李世和,無
春雨,2012,上市,鋼鐵工業,董事之法人代表人,王炯棻,台灣鋼鐵股份有限公司
春雨,2012,上市,鋼鐵工業,獨立董事本人,陳振榮,無
春雨,2012,上市,鋼鐵工業,獨立董事本人,林文淵,無
春雨,2012,上市,鋼鐵工業,董事本人,李明晃,無
春雨,2012,上市,鋼鐵工業,董事之法人代表人,翁重鈞,台灣鋼鐵股份有限公司
春雨,2012,上市,鋼鐵工業,董事之法人代表人,孫得賓,百佳圓建設股份有限公司
春雨,2012,上市,鋼鐵工業,董事之法人代表人,陳其泰,百佳圓建設股份有限公司
春雨,2012,上市,鋼鐵工業,獨立董事本人,李雅榮,無
春雨,2012,上市,鋼鐵工業,董事長之法人代表人,林輝政,台灣鋼鐵股份有限公司
聲寶,1604,上市,電器電纜,獨立董事本人,黃秋永,無
聲寶,1604,上市,電器電纜,獨立董事本人,樓永堅,無
聲寶,1604,上市,電器電纜,獨立董事本人,江誠榮,無
聲寶,1604,上市,電器電纜,董事本人,陳盛泉,無
聲寶,1604,上市,電器電纜,董事之法人代表人,陳連春,財團法人陳張秀菊文教基金會
聲寶,1604,上市,電器電纜,董事長之法人代表人,陳盛沺,財團法人陳茂榜工商發展基金會
聲寶,1604,上市,電器電纜,董事本人,陳盛偉,無
第一銅,2009,上市,鋼鐵工業,董事長之法人代表人,王宏銘,華榮
第一銅,2009,上市,鋼鐵工業,獨立董事本人,鄭崑發,無
第一銅,2009,上市,鋼鐵工業,董事之法人代表人,三橋章,三菱伸銅株式會社
第一銅,2009,上市,鋼鐵工業,董事之法人代表人,劉宗仁,華榮
第一銅,2009,上市,鋼鐵工業,董事之法人代表人,林明祥,華榮
第一銅,2009,上市,鋼鐵工業,獨立董事本人,胡立仁,無
第一銅,2009,上市,鋼鐵工業,獨立董事本人,黃振聰,無
亞太電,3682,上市,通信網路業,獨立董事本人,楊熙年,無
亞太電,3682,上市,通信網路業,獨立董事本人,陳逸文,無
亞太電,3682,上市,通信網路業,董事之法人代表人,林明祥,華榮
亞太電,3682,上市,通信網路業,董事之法人代表人,曾忠正,裕晟投資股份有限公司
亞太電,3682,上市,通信網路業,董事之法人代表人,曹棟鈞,交通部臺灣鐵路管理局
亞太電,3682,上市,通信網路業,獨立董事本人,鄭丁旺,無
亞太電,3682,上市,通信網路業,董事之法人代表人,張嘉祥,寶鑫國際投資股份有限公司
亞太電,3682,上市,通信網路業,董事之法人代表人,范瑞穎,寶鑫國際投資股份有限公司
亞太電,3682,上市,通信網路業,董事之法人代表人,陳永正,寶鑫國際投資股份有限公司
亞太電,3682,上市,通信網路業,董事長之法人代表人,呂芳銘,寶鑫國際投資股份有限公司
亞太電,3682,上市,通信網路業,董事之法人代表人,徐仁財,交通部臺灣鐵路管理局
展旺,4167,上櫃,生技醫療業,董事之法人代表人,鍾正賢,CH & SB HOLDING LTD
展旺,4167,上櫃,生技醫療業,獨立董事本人,陸大榮,無
展旺,4167,上櫃,生技醫療業,獨立董事本人,林宜男,無
展旺,4167,上櫃,生技醫療業,獨立董事本人,張日炎,無
展旺,4167,上櫃,生技醫療業,董事之法人代表人,林明祥,華榮
展旺,4167,上櫃,生技醫療業,董事之法人代表人,鄭慶興,佳駒投資有限公司
展旺,4167,上櫃,生技醫療業,董事之法人代表人,李正,啟航貳創業投資股份有限公司
展旺,4167,上櫃,生技醫療業,董事之法人代表人,黃璟琛,啟航貳創業投資股份有限公司
展旺,4167,上櫃,生技醫療業,董事之法人代表人,洪辰叡,CH & SB HOLDING LTD
展旺,4167,上櫃,生技醫療業,董事長之法人代表人,李香雲,漢友財務管理顧問股份有限公司
展旺,4167,上櫃,生技醫療業,董事之法人代表人,潘世賢,佳駒投資有限公司
展旺,4167,上櫃,生技醫療業,董事之法人代表人,吳賢明,華榮
展旺,4167,上櫃,生技醫療業,董事之法人代表人,陳正,CH & SB HOLDING LTD
展旺,4167,上櫃,生技醫療業,董事長之法人代表人,顧曼芹,漢友財務管理顧問股份有限公司
華廣,4737,上市,生技醫療業,董事長本人,黃椿木,無
華廣,4737,上市,生技醫療業,監察人本人,戴宗凱,無
華廣,4737,上市,生技醫療業,董事本人,江台雄,無
華廣,4737,上市,生技醫療業,監察人本人,蘇錦彬,無
華廣,4737,上市,生技醫療業,監察人本人,林建興,無
華廣,4737,上市,生技醫療業,獨立董事本人,蔡淦仁,無
華廣,4737,上市,生技醫療業,獨立董事本人,郭莉真,無
華廣,4737,上市,生技醫療業,董事之法人代表人,李聰,通化東寶藥業股份有限公司
華廣,4737,上市,生技醫療業,獨立董事本人,呂學裕,無
華廣,4737,上市,生技醫療業,董事之法人代表人,林明祥,華榮
合晶,6182,上櫃,半導體業,董事之法人代表人,吳南陽,楓丹白露股份有限公司
合晶,6182,上櫃,半導體業,獨立董事本人,林鳳儀,無
合晶,6182,上櫃,半導體業,獨立董事本人,蔡永松,無
合晶,6182,上櫃,半導體業,董事本人,劉鎮圖,無
合晶,6182,上櫃,半導體業,董事之法人代表人,王泰元,英屬維京群島商高科控股有限公司
合晶,6182,上櫃,半導體業,董事之法人代表人,林明祥,華榮
合晶,6182,上櫃,半導體業,董事本人,邰中和,無
合晶,6182,上櫃,半導體業,獨立董事本人,武東星,無
合晶,6182,上櫃,半導體業,董事長本人,焦平海,無
